{"train_loss": 0.015157666471269395, "_timestamp": 1710267297.9788613, "_runtime": 20.342219352722168, "_step": 499, "train_accuracy": 0.9986111111111111, "val_accuracy": 0.7656033287101248, "val_loss": 0.7666530318134536, "_wandb": {"runtime": 18}}