{"train_loss": 0.26003356509738496, "_timestamp": 1709484382.6168983, "_runtime": 19.246337413787842, "_step": 249, "train_accuracy": 0.9114583333333334, "val_accuracy": 0.768377253814147, "val_loss": 0.5041547079522798, "_wandb": {"runtime": 16}}