{"train_loss": 0.01858011484146118, "_timestamp": 1710237803.8638632, "_runtime": 27.29215431213379, "_step": 499, "train_accuracy": 0.9986111111111111, "val_accuracy": 0.7434119278779473, "val_loss": 0.8940428840965239, "_wandb": {"runtime": 22}}