{"train_loss": 0.017593634128570557, "_timestamp": 1710253903.2622318, "_runtime": 23.59696388244629, "_step": 499, "train_accuracy": 0.9975694444444444, "val_accuracy": 0.7753120665742025, "val_loss": 0.7630146254117545, "_wandb": {"runtime": 21}}