{"train_loss": 0.03596099747551812, "_timestamp": 1709466820.9768817, "_runtime": 50.92632579803467, "_step": 749, "train_accuracy": 0.9965277777777778, "val_accuracy": 0.7572815533980582, "val_loss": 0.6326897101329534, "_wandb": {"runtime": 48}}