{"train_loss": 0.6802359686957465, "_timestamp": 1709466248.1842303, "_runtime": 16.928605318069458, "_step": 49, "train_accuracy": 0.5645833333333333, "val_accuracy": 0.5104022191400832, "val_loss": 0.689433993314407, "_wandb": {"runtime": 15}}