{"train_accuracy": 0.8820119411274646, "train_loss": 0.27246502232995173, "_timestamp": 1710257475.8323092, "_runtime": 516.0178673267365, "_step": 89, "val_accuracy": 0.8858035404373481, "val_loss": 0.25434997834004036, "test_accuracy": 0.859375, "test_loss": 0.3336336309259588}