{"train_loss": 0.6857200860977173, "_timestamp": 1709466160.8877447, "_runtime": 431.5611605644226, "_step": 68}