{"train_loss": 0.019142818450927735, "_timestamp": 1710260841.042645, "_runtime": 21.0951030254364, "_step": 499, "train_accuracy": 0.9961805555555555, "val_accuracy": 0.7420249653259362, "val_loss": 0.8367485649542736, "_wandb": {"runtime": 19}}