{"train_loss": 0.0252956575817532, "_timestamp": 1710191575.4027205, "_runtime": 21.436180353164673, "_step": 499, "train_accuracy": 0.9961805555555555, "val_accuracy": 0.782246879334258, "val_loss": 0.6766475090206744, "_wandb": {"runtime": 18}}