{"train_loss": 0.02236064275105794, "_timestamp": 1710232064.1877887, "_runtime": 21.24376082420349, "_step": 499, "train_accuracy": 0.9954861111111111, "val_accuracy": 0.7600554785020804, "val_loss": 0.7109031306887136, "_wandb": {"runtime": 19}}